url,product_id,title,price
https://www.amazon.in/iQKids-Educational-Physical-Chrome-Finish/dp/B07RM3555R/ref=zg_bs_toys_12?_encoding=UTF8&psc=1&refRID=977R9BVH0674JD5TWGY8,B07RM3555R,GeoKraft Educational Political 5 Inches Laminated Small Globe with Plastic Arc and Base / World Globe / Home Decor / Office Decor / Gift Item (Blue),₹ 288.00
https://www.amazon.in/Plastic-Bullet-Bullets-N-Strike-20-Pieces/dp/B07SGG4YTY/ref=zg_bs_toys_45?_encoding=UTF8&psc=1&refRID=977R9BVH0674JD5TWGY8,B07SGG4YTY,"SYGA Plastic Foam Toy Bullet Dart Bullets for Nerf N-Strike Elite Guns, 20-Pieces, Blue",₹ 159.00
https://www.amazon.in/Extra-Lovable-Huggable-Girlfriend-Birthday/dp/B07CXLFG5P/ref=zg_bs_toys_1?_encoding=UTF8&psc=1&refRID=977R9BVH0674JD5TWGY8,B07CXLFG5P,"HUG 'n' FEEL SOFT TOYS Long Soft Lovable hugable Cute Giant Life Size Teddy Bear (2 Feet, Red)",₹ 449.00
https://www.amazon.in/Homecute-Type-Jumbo-House-Girls/dp/B07MHLHKX5/ref=zg_bs_toys_32?_encoding=UTF8&psc=1&refRID=977R9BVH0674JD5TWGY8,B07MHLHKX5,Homecute Hut Type Kids Toys Jumbo Size Play Tent House for Boys and Girls (Pink),"₹ 1,599.00"
https://www.amazon.in/Mattel-Scrabble-Board-Multi-Color/dp/B0000AP4RQ/ref=zg_bs_toys_37?_encoding=UTF8&psc=1&refRID=977R9BVH0674JD5TWGY8,B0000AP4RQ,"Mattel Scrabble Board Game, Multi Color",₹ 639.00
https://www.amazon.in/Amitasha-Archery-Target-Outdoor-Garden/dp/B07R97BC49/ref=zg_bs_toys_40?_encoding=UTF8&psc=1&refRID=977R9BVH0674JD5TWGY8,B07R97BC49,Amitasha Kids Archery Bow and Arrow Toy Set with Target Outdoor Garden Fun Game,₹ 599.00
https://www.amazon.in/EEVOVEE-Coloured-Pool-Balls-Kids/dp/B078L9CXGH/ref=zg_bs_toys_38?_encoding=UTF8&psc=1&refRID=977R9BVH0674JD5TWGY8,B078L9CXGH,EevOveE 50 pcs Medium Size No Sharp Edges Premium Quality Balls Color Balls for Kids / Pool Balls Genuine Quality Set of 50 Balls - 6 cm Diameter(Medium Size),₹ 299.00
https://www.amazon.in/Generic-Authentic-Standard-Wooden-Colors/dp/B01GCUOU8O/ref=zg_bs_toys_10?_encoding=UTF8&psc=1&refRID=977R9BVH0674JD5TWGY8,B01GCUOU8O,Generic Imported Authentic Standard Wooden 12 Colors Set (120 Pieces),₹ 365.00
https://www.amazon.in/SaleOnTM-Realistic-Animals-Figures-Animal/dp/B07Y26NY45/ref=zg_bs_toys_21?_encoding=UTF8&psc=1&refRID=977R9BVH0674JD5TWGY8,B07Y26NY45,,
https://www.amazon.in/FunBlast-Unbreakable-Vehicles-Crawling-Children/dp/B07PTXSS4G/ref=zg_bs_toys_35?_encoding=UTF8&psc=1&refRID=977R9BVH0674JD5TWGY8,B07PTXSS4G,,
https://www.amazon.in/Barbie-DJP92-Doll-and-Playset/dp/B014DEIYA6/ref=zg_bs_toys_19?_encoding=UTF8&psc=1&refRID=977R9BVH0674JD5TWGY8,B014DEIYA6,"Barbie - DJP92 Doll & Playset with Hair Styling Accessories, Multi Color",₹ 799.00
https://www.amazon.in/Jiada-Shape-Multipurpose-Pencil-Compartments/dp/B01N065GWE/ref=zg_bs_toys_47?_encoding=UTF8&psc=1&refRID=977R9BVH0674JD5TWGY8,B01N065GWE,Jiada Car Shape Multipurpose Pencil Pouch with 2 Compartments - Big Size,₹ 367.00
https://www.amazon.in/FunBlast-Pieces-Interlocking-Learning-Alphabet/dp/B07NX15BY8/ref=zg_bs_toys_18?_encoding=UTF8&psc=1&refRID=977R9BVH0674JD5TWGY8,B07NX15BY8,,
https://www.amazon.in/Funskool-Fundough-Fun-Pack-Fundough-Gift/dp/B07GS9ZJ5T/ref=zg_bs_toys_13?_encoding=UTF8&psc=1&refRID=977R9BVH0674JD5TWGY8,B07GS9ZJ5T,Funskool-Fundough Fun Pack + Fundough Gift Set,₹ 538.00
https://www.amazon.in/DZert-Fabric-Multicolour-Spiderman-Printed/dp/B07BNS3KNX/ref=zg_bs_toys_26?_encoding=UTF8&psc=1&refRID=977R9BVH0674JD5TWGY8,B07BNS3KNX,"Kids School Bag Soft Plush Backpack Cartoon Toy, Children's Gifts Boy Girl/Baby/ Decor School Bag for Kids (Spiderman)",₹ 288.00
https://www.amazon.in/WireScorts-Chargebal-Racing-Remote-Control/dp/B07X3LPQDG/ref=zg_bs_toys_25?_encoding=UTF8&psc=1&refRID=977R9BVH0674JD5TWGY8,B07X3LPQDG,WireScorts Chargebal Racing Car for Kids with Remote Control - Assorted Design & Multi Color,₹ 584.00
https://www.amazon.in/Cubelelo-Speedcubing-Warrior-Qizheng-Stickerless/dp/B07H5L1L1R/ref=zg_bs_toys_11?_encoding=UTF8&psc=1&refRID=977R9BVH0674JD5TWGY8,B07H5L1L1R,Cubelelo QiYi 2x2 3x3 4x4 & 5x5 Stickerless Combo Set Speedcubing Bundle Cubes Magic Puzzle,"₹ 1,033.00"
https://www.amazon.in/Negi-Pieces-Stainless-Utensils-Kitchen/dp/B07P7LVTHQ/ref=zg_bs_toys_42?_encoding=UTF8&psc=1&refRID=977R9BVH0674JD5TWGY8,B07P7LVTHQ,Negi 24pcs Mini Stainless Steel Utensils Non Toxic Indian Kitchen Set Great Kitchen Toys for Girls (Kid's Love Kitchen Set) ( It Has Sharp Edges Not Suitable for Small Baby ),₹ 575.00
https://www.amazon.in/Nerf-N-Strike-Elite-Disruptor/dp/B01IK52REI/ref=zg_bs_toys_7?_encoding=UTF8&psc=1&refRID=977R9BVH0674JD5TWGY8,B01IK52REI,"Nerf N Strike Elite Disruptor, Multi Color",₹ 749.00
https://www.amazon.in/WISHKEY-Colorful-Rattles-Teethers-Infants/dp/B07T7P97G2/ref=zg_bs_toys_6?_encoding=UTF8&psc=1&refRID=977R9BVH0674JD5TWGY8,B07T7P97G2,"WISHKEY Colorful Non Toxic BPA Free 9 Rattles and 3 Teethers Toys Set for Babies ,Infants",₹ 599.00
https://www.amazon.in/Mattel-Uno-Playing-Card-Game/dp/B00GTJSGXE/ref=zg_bs_toys_4?_encoding=UTF8&psc=1&refRID=977R9BVH0674JD5TWGY8,B00GTJSGXE,Mattel Uno Playing Card Game,₹ 129.00
https://www.amazon.in/Wish-key-Babys-Plastic-Multicolour/dp/B075K56GXY/ref=zg_bs_toys_48?_encoding=UTF8&psc=1&refRID=977R9BVH0674JD5TWGY8,B075K56GXY,WISHKEY Baby Bath Toy Set of 14 Pcs Chu Chu Colorful Animal Shape Toy (Multicolor),₹ 329.00
https://www.amazon.in/SUPER-TOY-Writing-Tablet-8-5Inch/dp/B07Z7QDH3D/ref=zg_bs_toys_34?_encoding=UTF8&psc=1&refRID=977R9BVH0674JD5TWGY8,B07Z7QDH3D,SUPER TOY LCD Writing Tablet 8.5Inch E-Note Pad,₹ 399.00
https://www.amazon.in/SARIKA-TOYS-Birthday-Anniversar-Valentine/dp/B07ZJQXCDP/ref=zg_bs_toys_27?_encoding=UTF8&psc=1&refRID=977R9BVH0674JD5TWGY8,B07ZJQXCDP,"SARIKA TOYS Lovable Hugable Soft Teddy Bear with Free Heart for Kids & Girls Special Gift for Birthday /Anniversar and Valentine (Red, 3 Feet)",₹ 417.00
https://www.amazon.in/Mattel-Hot-Wheels-pack-Design/dp/B000R33QMO/ref=zg_bs_toys_3?_encoding=UTF8&psc=1&refRID=977R9BVH0674JD5TWGY8,B000R33QMO,Hot Wheels Mattel (3 Pack) Design May Vary,₹ 349.00
https://www.amazon.in/Prime-Deals-Rechargeable-Racing-Control/dp/B083BY3RG6/ref=zg_bs_toys_20?_encoding=UTF8&psc=1&refRID=977R9BVH0674JD5TWGY8,B083BY3RG6,,
https://www.amazon.in/Little-Monkey-Xylophone-Musical-Children/dp/B07GVMS2JK/ref=zg_bs_toys_49?_encoding=UTF8&psc=1&refRID=977R9BVH0674JD5TWGY8,B07GVMS2JK,Little Monkey® Wooden Xylophone Musical Toy for Children with 8 Note (Big Size),₹ 349.00
https://www.amazon.in/Sky-Rechargeable-Racing-Remote-Control/dp/B08DG16VRT/ref=zg_bs_toys_9?_encoding=UTF8&psc=1&refRID=977R9BVH0674JD5TWGY8&smid=A10VQ3JK8OUQ3P,B08DG16VRT,,
https://www.amazon.in/Jiada-Crystal-Transparent-Assorted-Colours/dp/B07BWJFJ1W/ref=zg_bs_toys_50?_encoding=UTF8&psc=1&refRID=977R9BVH0674JD5TWGY8,B07BWJFJ1W,Jiada Crystal Soft Clay and Slimes - Set of 6,₹ 242.00
https://www.amazon.in/Littles-607-Junior-Ring-Multicolour/dp/B00ADZUNYK/ref=zg_bs_toys_5?_encoding=UTF8&psc=1&refRID=977R9BVH0674JD5TWGY8,B00ADZUNYK,Little's Junior Ring (Multicolour),₹ 199.00
https://www.amazon.in/Kit4Curious-Super-Kit-Items-kit/dp/B083WDNKY7/ref=zg_bs_toys_17?_encoding=UTF8&psc=1&refRID=977R9BVH0674JD5TWGY8,B083WDNKY7,Kit4Curious Super Kit 70 Items in a kit – Science & Fun Innovation Kit with Instruction Guide for 70 Projects,₹ 499.00
https://www.amazon.in/Creative-Educational-Aids-P-Ltd/dp/B08GL2XDDR/ref=zg_bs_toys_15?_encoding=UTF8&psc=1&refRID=977R9BVH0674JD5TWGY8,B08GL2XDDR,"Creative Educational Aids P. Ltd. - CRE0639 Fun with Words Puzzle (Multi-Color, 90 Pieces) & Number Fun 123 Puzzle (Multi-Color, 40 Pieces) & Story Telling - 1 Card Game (Multi-Color, 12 Pieces)",₹ 537.00
https://www.amazon.in/Imagimake-Mapology-India-State-Capitals/dp/B076WQ3M5X/ref=zg_bs_toys_16?_encoding=UTF8&psc=1&refRID=977R9BVH0674JD5TWGY8,B076WQ3M5X,Imagimake Mapology India with State Capitals - Educational Toy and Learning Aid for Boys and Girls-Map Puzzle-Jigsaw Puzzle.,₹ 379.00
https://www.amazon.in/Qualimate-Induction-Electronic-Charging-Helicopter/dp/B08CC96CGM/ref=zg_bs_toys_33?_encoding=UTF8&psc=1&refRID=977R9BVH0674JD5TWGY8,B08CC96CGM,,
https://www.amazon.in/Toyztrend-Junior-Stacking-Multicolour-Toddlers/dp/B075F7V3J4/ref=zg_bs_toys_14?_encoding=UTF8&psc=1&refRID=977R9BVH0674JD5TWGY8,B075F7V3J4,Toyztrend Junior Smiley Stacking Multicolour 5 Rings for Toddlers,₹ 132.00
https://www.amazon.in/Camel-Camlin-Kokuyo-9900504-Colouring/dp/B00LY1G9EA/ref=zg_bs_toys_24?_encoding=UTF8&psc=1&refRID=977R9BVH0674JD5TWGY8,B00LY1G9EA,Camel 9900504 Colouring Kit Combo 199,₹ 189.00
https://www.amazon.in/Toyshine-Foam-Blaster-Range-Bullets/dp/B01N2W68DO/ref=zg_bs_toys_28?_encoding=UTF8&psc=1&refRID=977R9BVH0674JD5TWGY8,B01N2W68DO,"Toyshine Foam Blaster Gun Toy, Safe and Long Range, 10 Bullets",₹ 399.00
https://www.amazon.in/Frank-10202-the-Jungle/dp/B007OUAP5E/ref=zg_bs_toys_8?_encoding=UTF8&psc=1&refRID=977R9BVH0674JD5TWGY8,B007OUAP5E,Frank - 10202 The Jungle Puzzle For 3 Year Old Kids And Above,₹ 88.00
https://www.amazon.in/Fisher-Pri-71024-Babys-Blocks/dp/B00005N9YF/ref=zg_bs_toys_39?_encoding=UTF8&psc=1&refRID=977R9BVH0674JD5TWGY8,B00005N9YF,Fisher Price Baby's First Blocks,₹ 299.00
https://www.amazon.in/Jesper-Orignal-Teddy-Bear-Animals/dp/B089KHDF87/ref=zg_bs_toys_43?_encoding=UTF8&psc=1&refRID=977R9BVH0674JD5TWGY8,B089KHDF87,"Jesper Orignal Teddy Bear Animals for Kids - 2 Feet (61 cm, Red)",₹ 399.00
https://www.amazon.in/Construction-Interlockig-Connection-Educational-Multicolor/dp/B083GT476M/ref=zg_bs_toys_2?_encoding=UTF8&psc=1&refRID=977R9BVH0674JD5TWGY8,B083GT476M,,
https://www.amazon.in/FunBlast-Building-Blocks-Packing-Multicolor/dp/B07KYMYBXN/ref=zg_bs_toys_23?_encoding=UTF8&psc=1&refRID=977R9BVH0674JD5TWGY8,B07KYMYBXN,,
https://www.amazon.in/Smartcraft-Ultimate-Kitchen-Cooking-Suitcase/dp/B01MU75SMW/ref=zg_bs_toys_36?_encoding=UTF8&psc=1&refRID=977R9BVH0674JD5TWGY8,B01MU75SMW,Smartcraft Ultimate Kid Chef Bring Along Kitchen Cooking Suitcase Set (26 Pieces) - Multicolor,₹ 619.00
https://www.amazon.in/StepsToDo-Ultimate-Unicorn-Rainbow-Crunchy/dp/B07VDN4LNN/ref=zg_bs_toys_31?_encoding=UTF8&psc=1&refRID=977R9BVH0674JD5TWGY8,B07VDN4LNN,"StepsToDo Ultimate Slime Lab. All in One. Make 20+ Slime. Milky, Unicorn Rainbow, Swirl, Crunchy, Foamy, Clear, Galaxy, Mermaid, Glitter, Sparkle, Jelly, PVA, Clear, White Glue",₹ 589.00
https://www.amazon.in/Skillmatics-Educational-Game-Brain-Games/dp/B0719DBTXL/ref=zg_bs_toys_41?_encoding=UTF8&psc=1&refRID=977R9BVH0674JD5TWGY8,B0719DBTXL,"Skillmatics Educational Game: Brain Games, 6-99 Years",₹ 282.00
https://www.amazon.in/ESnipe-Activities-Laptop-Notebook-Computer/dp/B07Z3CRZ61/ref=zg_bs_toys_30?_encoding=UTF8&psc=1&refRID=977R9BVH0674JD5TWGY8,B07Z3CRZ61,,
https://www.amazon.in/Rabbit-Road-Runner-Scooter-Kids/dp/B07K44MXLG/ref=zg_bs_toys_46?_encoding=UTF8&psc=1&refRID=977R9BVH0674JD5TWGY8,B07K44MXLG,"R for Rabbit Road Runner Scooter for Kids of 3 to 14 Years Age 3 Adjustable Height, Foldable, LED PU Wheels & Weight Capacity 75 kgs Kick Scooter with Brakes(Blue)","₹ 2,997.00"
https://www.amazon.in/Faber-Castell-Modelling-Dough-Pack-Assorted/dp/B00PTWNTLG/ref=zg_bs_toys_44?_encoding=UTF8&psc=1&refRID=977R9BVH0674JD5TWGY8,B00PTWNTLG,Faber-Castell Modelling Dough - Pack of 4 (Assorted),₹ 89.00
